2010203,-
2110268,-
2110552,-
2210132,-
2210134,-
2210328,-
2210353,-
2313001,-
2313005,-
2313009,-
2313013,-
2313017,-
2313021,-
2313025,-
2313029,-
2313033,-
2313037,-
2313041,-
2313045,-
2313049,-
2313061,-
2313065,-
2313069,-
2313077,-
2313081,-
2313085,-
2313089,-
2313093,-
2313097,-
2313101,-
2313105,-
2313109,-
2313113,-
2313117,-
2313121,-
2313125,-
2313129,-
2313133,-
2313137,-
2313141,-
2313145,-
2313149,-
2313153,-
2313157,-
2313161,-
2313169,-
2313173,-
2313177,-
2313181,-
2313185,-
2313189,-
2313193,-
2313197,-
2313201,-
2313205,-
2313209,-
2313213,-
2313217,-
2313221,-
2313225,-
2313229,-
